{
  "combined_proxy": {
    "auroc_ci": [
      0.8123965574313141,
      0.9354703716103113
    ],
    "group_count": 63,
    "macro_f1_ci": [
      0.6344945745288407,
      0.7793475371235425
    ]
  },
  "combined_reranker_round11": {
    "auroc_ci": [
      1.0,
      1.0
    ],
    "group_count": 3,
    "macro_f1_ci": [
      0.7333333333333334,
      1.0
    ]
  },
  "leakage_adjusted_reconstruction": {
    "auroc_ci": [
      0.5,
      0.5283018867924528
    ],
    "group_count": 63,
    "macro_f1_ci": [
      0.37123745819397996,
      0.4574126870990734
    ]
  },
  "local_llm_judge": {
    "auroc_ci": [
      0.5,
      0.75
    ],
    "group_count": 3,
    "macro_f1_ci": [
      0.3333333333333333,
      0.6666666666666666
    ]
  },
  "nli_lexical_proxy": {
    "auroc_ci": [
      0.7139762881896945,
      0.8206462212486308
    ],
    "group_count": 63,
    "macro_f1_ci": [
      0.6392813267813267,
      0.7799119647859143
    ]
  },
  "reverse_reconstruction": {
    "auroc_ci": [
      0.7059576023391813,
      0.837012987012987
    ],
    "group_count": 63,
    "macro_f1_ci": [
      0.7178376427056541,
      0.8515855457227139
    ]
  },
  "rule_evidence_verifier": {
    "auroc_ci": [
      0.6414634146341464,
      0.7923340961098398
    ],
    "group_count": 63,
    "macro_f1_ci": [
      0.6087435564474875,
      0.7697203246336195
    ]
  },
  "structured_extraction": {
    "auroc_ci": [
      0.5796648895658797,
      0.7051282051282052
    ],
    "group_count": 63,
    "macro_f1_ci": [
      0.5504465571881303,
      0.7219950368739296
    ]
  },
  "surface_keyword": {
    "auroc_ci": [
      0.5904283447911158,
      0.7060831310679612
    ],
    "group_count": 63,
    "macro_f1_ci": [
      0.5652044609665428,
      0.7211930926216641
    ]
  },
  "surface_leak_score": {
    "auroc_ci": [
      0.7425524413890358,
      0.8881475667189953
    ],
    "group_count": 63,
    "macro_f1_ci": [
      0.7279250429935361,
      0.8602058319039451
    ]
  },
  "target_masked_reconstruction": {
    "auroc_ci": [
      0.5080645161290323,
      0.57
    ],
    "group_count": 63,
    "macro_f1_ci": [
      0.3977443609022557,
      0.5337995337995337
    ]
  },
  "target_masked_score": {
    "auroc_ci": [
      0.7078559738134206,
      0.8360754414125201
    ],
    "group_count": 63,
    "macro_f1_ci": [
      0.7178376427056541,
      0.8515855457227139
    ]
  }
}
