coverage,edit_alignment_macro_f1,evidence_macro_f1,faithfulness_auroc,faithfulness_macro_f1,faithfulness_macro_f1_ci_high,faithfulness_macro_f1_ci_low,method,rule_macro_f1
1.0,0.7924030244731779,0.4401372212692968,0.8198106828938472,0.800286625676113,0.8602058319039451,0.7279250429935361,surface_leak_score,0.463257168175201
1.0,0.7672727272727271,0.42594718714121693,0.7724814063556457,0.7891169271323668,0.8515855457227139,0.7178376427056541,reverse_reconstruction,0.4314293235061859
1.0,0.7672727272727271,0.42594718714121693,0.7731575388776201,0.7891169271323668,0.8515855457227139,0.7178376427056541,target_masked_score,0.4314293235061859
1.0,0.3918552036199095,0.471947194719472,0.5086206896551724,0.40775375024352234,0.4574126870990734,0.37123745819397996,leakage_adjusted_reconstruction,0.4612794612794613
1.0,0.73547472838923,0.47049089906232766,0.7200811359026369,0.6952380952380953,0.7697203246336195,0.6087435564474875,rule_evidence_verifier,0.5584045584045585
0.09375,0.49760765550239233,0.3055555555555556,0.5178571428571429,0.49760765550239233,0.6666666666666666,0.3333333333333333,local_llm_judge,0.16666666666666666
1.0,0.7408241476038087,0.4385964912280702,0.8799019607843137,0.7128156036855331,0.7793475371235425,0.6344945745288407,combined_proxy,0.5153487951534879
